Product,Score
mochi mochi luminous plumping & hydrating moisturizer,255
protect + repair - face moisturizer ,177
manuka honey face cream,165
lilac flower drop,27
skincare cloud whip vitamin c face moisturizer,416
restorative facial cream,319
flower garden face cream,73
my first skincare face cream,67
dream potion facial serum,103
chamomile flower drops,27
revive facial toner,79
organic rosehip face cream,61
guava & lavender facial serum,113
midnight recovery omega rich botanical night cream,417
shea light comforting face cream,282
triple c night cream,406
facial cream,79
neroli flower drops,27
jasmine flower drop,27
texture smoothing cream,348
calming toner,95
cocoa face cream,96
anti-aging dmae face cream,177
sweet cheeks face butter,119
coffee & rosemary oil ,103
lavender flower drops,27
nourish night face balm,72
original face cream,106
lemon blossom flower drop,27
yarrow flower drop,27
superfood air-whip moisture cream,440
day time moisturizing face cream,167
perfect facial hydrating cream,377
hyaluronic acid moisturizer,273
petitgrain face moisturizer,53
dawn facial serum,171
hydrogel cream,205
luscious face,97
dry & sensitive skin face moisturizer,122
anti aging daily rose face moisturizer,122
" rosehip face cream",208
rose flower drop,27
moisturizing oat & calendula miracle face cream,322
face stick,212
dusk facial serum,136
moisture repair face melt cream,11
glow daily vitamin - c gel cream,332
soothing gel moisturizer,133
organic lavender & chamomile herbal face cream,168
natural zinc hydrating face butter,83
